participant_id,diplomatic_contact,trust_in_foreign_partner,support_for_cooperation
1,0,4.0,6.7
2,1,4.4,6.1
3,0,3.2,4.1
4,1,5.8,8.2
5,0,3.9,7.9
6,0,5.2,7.7
7,1,7.1,6.4
8,1,5.2,8.2
9,0,6.1,6.1
10,1,4.9,9.0
11,1,6.7,10.0
12,1,7.0,7.7
13,0,4.4,7.0
14,1,5.4,7.8
15,0,5.8,8.6
16,1,6.5,9.2
17,0,3.7,4.3
18,0,4.1,6.4
19,1,4.0,4.5
20,1,8.1,10.0
21,0,6.1,8.3
22,0,5.2,9.4
23,1,5.3,9.2
24,0,5.2,7.2
25,1,2.9,6.0
26,0,6.4,9.3
27,0,5.3,8.4
28,1,6.1,6.6
29,0,5.2,7.8
30,0,5.8,8.7
31,0,5.1,6.1
32,1,5.8,9.9
33,1,4.5,6.9
34,1,5.3,7.2
35,1,5.5,7.6
36,0,5.2,9.7
37,0,6.9,5.4
38,0,5.8,8.1
39,0,4.9,6.6
40,1,7.7,8.5
41,1,5.0,7.3
42,0,4.8,7.2
43,0,4.9,7.1
44,1,4.4,6.5
45,0,5.6,6.6
46,1,5.7,7.3
47,0,4.6,7.6
48,1,6.0,6.9
49,0,2.2,5.3
50,1,4.0,5.8
51,1,7.9,9.0
52,1,5.0,8.3
53,0,5.8,9.3
54,1,6.4,8.8
55,1,6.1,9.8
56,0,6.2,8.4
57,1,4.8,8.1
58,0,3.9,8.0
59,0,4.8,8.0
60,0,4.7,9.5
61,1,5.9,9.3
62,1,5.6,6.5
63,1,7.9,8.8
64,1,6.6,8.2
65,1,6.1,8.7
66,0,2.2,5.7
67,1,5.2,6.0
68,0,6.2,7.3
69,0,7.6,9.7
70,1,5.0,7.4
71,1,6.4,8.0
72,0,2.2,5.9
73,0,4.5,5.9
74,1,4.7,8.0
75,0,3.9,7.7
76,0,4.6,9.1
77,1,7.0,8.2
78,1,6.3,8.4
79,0,4.8,7.1
80,1,4.4,6.3
81,0,4.7,6.9
82,0,5.1,7.6
83,0,5.4,5.7
84,0,7.5,9.2
85,0,3.0,6.3
86,1,6.4,6.5
87,1,6.8,9.4
88,0,5.2,8.4
89,1,5.8,8.2
90,1,6.2,6.9
91,0,4.1,6.9
92,1,5.2,8.6
93,1,7.0,9.2
94,0,5.0,7.7
95,1,5.4,6.0
96,1,6.6,10.0
97,0,3.2,6.2
98,1,5.0,7.9
99,0,3.3,5.4
100,0,5.9,6.4
101,1,5.5,7.8
102,0,4.4,7.5
103,0,4.9,7.7
104,1,6.4,10.0
105,0,4.6,6.0
106,0,5.3,9.7
107,1,5.9,8.7
108,0,5.8,8.4
109,1,4.5,6.4
110,1,6.4,8.1
111,1,6.6,6.0
112,1,7.3,9.8
113,0,2.5,5.1
114,1,3.3,9.0
115,0,6.7,8.8
116,1,4.6,6.4
117,1,4.3,7.5
118,1,6.3,8.2
119,0,5.9,7.1
120,1,4.9,6.3
121,1,4.2,7.8
122,0,5.2,6.9
123,1,4.0,7.1
124,0,5.1,7.2
125,0,6.1,7.2
126,0,4.4,6.7
127,0,4.8,7.3
128,1,6.2,5.3
129,1,5.6,6.4
130,0,6.4,8.3
131,0,6.3,7.6
132,1,4.8,7.0
133,0,3.0,6.3
134,1,4.4,8.1
135,1,6.0,7.4
136,1,7.1,10.0
137,1,4.9,8.3
138,0,3.0,4.7
139,0,4.1,6.1
140,1,5.9,8.8
141,0,4.6,7.9
142,1,5.6,7.0
143,1,6.4,8.5
144,1,3.0,5.1
145,0,5.0,7.5
146,1,4.7,6.6
147,1,7.1,9.6
148,1,7.6,8.1
149,1,5.5,8.1
150,1,5.8,8.4
151,0,4.7,7.6
152,1,6.5,9.0
153,0,4.6,6.8
154,0,4.7,7.2
155,1,4.9,7.3
156,1,5.0,9.2
157,1,6.9,8.7
158,1,6.4,7.6
159,0,3.8,7.8
160,0,5.3,7.1
161,1,3.3,8.3
162,0,4.8,5.8
163,0,4.1,6.8
164,0,4.3,7.7
165,0,3.5,5.8
166,0,4.6,6.3
167,1,5.8,8.6
168,1,6.5,8.1
169,0,4.6,3.9
170,1,6.8,6.8
171,0,6.8,10.0
172,0,4.7,5.8
173,0,3.9,5.8
174,1,6.7,9.4
175,1,5.5,7.6
176,1,6.0,7.1
177,1,3.6,7.8
178,0,4.9,6.6
179,0,6.7,5.8
180,1,5.1,8.4
181,1,6.0,8.9
182,1,3.6,6.1
183,1,7.3,7.9
184,0,3.8,6.6
185,0,4.7,5.0
186,0,4.0,7.1
187,0,4.2,4.4
188,0,4.5,5.5
189,0,4.4,7.4
190,1,3.7,9.0
191,0,4.7,8.1
192,0,4.1,5.9
193,1,4.9,5.9
194,1,4.6,8.9
195,1,2.8,4.1
196,1,7.6,8.6
197,1,3.4,9.0
198,0,4.7,8.3
199,0,6.1,7.1
200,0,6.1,7.6
201,1,4.5,4.8
202,1,7.7,10.0
203,1,6.8,7.0
204,0,7.7,6.8
205,1,6.0,8.1
206,0,2.7,5.9
207,1,5.4,8.8
208,0,4.0,8.1
209,1,3.0,7.8
210,0,6.2,6.0
211,1,5.4,5.4
212,0,5.1,4.9
213,0,6.9,8.2
214,1,4.3,7.9
215,0,3.1,7.4
216,1,5.4,7.2
217,1,7.3,10.0
218,1,5.2,8.4
219,0,5.6,8.4
220,1,7.2,9.5
221,1,7.3,9.1
222,0,5.1,7.5
223,0,4.4,8.5
224,0,2.9,5.8
225,1,5.0,6.2
226,0,5.7,9.7
227,0,5.7,7.5
228,0,3.9,5.3
229,0,5.6,8.4
230,0,5.4,8.2
231,0,5.8,7.3
232,1,5.4,7.1
233,1,5.2,8.3
234,0,3.2,2.6
235,1,4.8,8.2
236,0,7.2,7.4
237,1,5.1,7.7
238,1,5.5,6.7
239,1,5.7,9.5
240,1,7.7,8.5
241,1,5.8,9.7
242,0,5.5,7.9
243,0,6.7,8.1
244,1,5.6,7.4
245,1,5.8,8.5
246,1,6.1,8.6
247,0,3.6,5.6
248,1,4.7,7.6
249,0,6.5,8.2
250,0,2.8,6.7
251,1,7.4,9.1
252,1,6.2,8.0
253,1,7.0,7.1
254,0,2.1,4.8
255,0,4.2,6.0
256,1,4.5,9.1
257,0,2.2,7.0
258,1,7.2,7.6
259,1,5.5,9.1
260,0,4.8,9.9
