country_id,aid_per_capita,economic_growth_pct,institutional_quality,conflict_intensity,baseline_need
1,74.4,6.16,6.6,9.9,8.7
2,40.8,8.19,7.0,4.8,5.0
3,67.2,6.44,1.2,2.1,7.5
4,53.1,4.74,3.5,5.3,7.1
5,66.1,5.93,7.2,4.4,5.8
6,54.3,9.41,8.6,3.3,4.5
7,50.7,6.67,6.4,3.8,5.1
8,53.0,8.46,5.3,2.8,6.1
9,59.7,4.73,5.1,3.1,6.3
10,72.9,6.33,5.4,6.6,7.7
11,49.5,5.28,3.8,5.7,6.4
12,72.3,4.6,3.8,7.4,8.4
13,60.7,6.28,3.7,6.4,7.4
14,39.8,6.22,5.6,2.7,5.0
15,19.3,8.13,3.3,0.9,1.7
16,58.4,6.36,4.4,4.7,5.1
17,45.1,8.22,4.6,2.5,4.1
18,64.0,5.88,4.5,1.1,5.4
19,60.8,6.45,4.0,4.2,7.7
20,72.0,7.29,5.0,6.6,8.0
21,55.1,4.48,4.2,6.2,5.3
22,40.5,4.4,6.3,4.0,4.5
23,63.8,6.86,2.7,6.4,7.7
24,50.6,8.02,4.0,2.1,4.7
25,60.5,3.43,3.8,6.0,7.8
26,67.1,7.12,2.3,4.6,6.3
27,52.5,5.84,4.6,1.1,5.0
28,43.0,4.42,3.2,1.8,4.4
29,67.1,6.36,3.4,6.3,7.9
30,37.3,6.62,8.2,3.7,4.6
31,41.1,8.04,0.9,0.1,5.0
32,60.1,7.05,6.5,6.8,6.0
33,47.4,7.45,4.1,3.1,7.1
34,59.1,8.18,7.6,4.9,4.2
35,74.7,7.99,4.6,5.3,6.9
36,75.8,8.56,5.6,4.7,7.5
37,47.5,7.9,5.4,5.1,4.7
38,64.2,5.89,2.0,5.3,7.0
39,66.8,4.28,2.2,5.5,7.8
40,62.1,8.47,3.3,3.1,7.5
41,60.5,7.17,3.7,4.8,7.5
42,62.8,6.58,3.1,1.9,6.7
43,25.3,6.04,6.2,3.1,3.4
44,57.7,6.42,3.6,2.4,6.1
45,62.0,9.27,4.0,0.9,7.0
46,67.2,5.27,3.9,5.3,7.1
47,29.9,7.06,6.0,0.5,2.9
48,74.8,3.64,1.1,8.0,8.1
49,38.7,8.54,9.8,1.3,2.1
50,53.7,5.14,3.3,6.2,6.3
51,41.3,5.87,5.5,4.7,4.9
52,63.6,9.2,6.8,6.1,5.7
53,64.9,4.25,4.3,4.2,5.5
54,57.4,5.07,3.2,6.4,6.5
55,52.5,5.79,2.8,0.0,5.4
56,74.9,5.05,1.5,3.3,6.6
57,64.1,2.21,1.5,7.4,8.6
58,42.1,8.7,9.4,1.3,1.9
59,31.5,4.42,7.1,7.3,5.6
60,69.1,5.25,1.0,4.9,7.3
61,52.6,5.11,5.1,5.6,6.4
62,43.4,7.09,5.0,0.0,2.7
63,48.0,8.38,7.3,4.8,5.4
64,67.7,4.35,5.4,9.0,7.5
65,57.6,7.72,6.3,1.3,4.7
66,50.4,7.78,4.7,6.0,6.0
67,58.3,6.69,2.9,3.8,6.0
68,48.2,9.17,5.9,3.1,5.4
69,39.2,7.12,5.2,1.1,3.4
70,57.6,6.89,4.3,5.8,6.1
71,47.2,6.44,6.7,4.6,5.5
72,36.1,7.76,7.0,4.3,4.7
73,51.2,6.78,4.0,3.1,4.5
74,39.3,8.04,5.6,1.4,4.1
75,38.2,9.14,6.8,4.2,4.8
76,69.0,9.29,4.9,2.7,5.4
77,55.3,7.38,5.0,6.2,6.6
78,61.2,6.73,5.8,4.0,6.8
79,52.1,8.85,4.4,2.3,7.3
80,69.2,8.85,4.4,2.8,6.0
81,44.7,6.42,7.3,3.5,4.1
82,53.7,6.97,4.8,4.1,5.2
83,64.9,8.34,4.5,2.3,6.7
84,78.6,7.77,3.7,2.7,7.1
85,41.6,11.64,10.0,2.8,1.4
86,69.2,6.94,6.2,7.2,7.4
87,55.0,6.3,4.4,4.4,6.3
88,60.1,4.33,4.3,7.0,8.7
89,58.3,7.24,5.2,2.9,5.7
90,68.8,6.33,1.9,2.8,7.4
91,71.3,6.56,3.7,6.2,8.2
92,76.5,5.52,5.0,6.6,8.9
93,53.7,6.4,5.9,7.7,8.2
94,21.7,6.31,8.3,3.3,3.1
95,66.1,7.11,0.0,3.3,8.7
96,47.9,5.42,4.0,1.8,4.7
97,44.1,10.53,9.3,0.2,2.1
98,66.5,3.23,3.3,6.0,7.5
99,65.0,5.61,5.1,7.4,7.3
100,70.5,7.61,7.4,6.3,6.8
101,36.3,7.49,7.6,2.3,3.3
102,45.6,5.38,3.3,0.0,5.3
103,53.1,5.83,4.0,2.4,5.6
104,81.6,5.22,3.9,5.7,9.8
105,45.3,7.64,7.8,4.3,4.4
106,71.4,3.55,4.4,7.9,9.5
107,79.0,6.76,2.3,4.9,7.2
108,62.0,6.22,7.0,7.2,7.2
109,61.5,4.73,7.1,5.0,5.7
110,32.7,6.54,6.5,6.2,4.9
111,53.0,8.48,5.4,4.2,5.9
112,71.2,9.28,7.5,6.2,6.1
113,36.1,6.42,8.2,3.8,3.5
114,64.9,5.41,3.6,2.4,5.7
115,63.4,5.64,5.7,6.7,8.3
116,73.7,7.7,5.3,5.1,7.6
117,49.3,9.69,7.2,2.5,4.0
118,44.3,8.62,7.3,2.8,5.1
119,30.6,9.88,9.1,0.0,1.9
120,66.1,9.5,5.1,4.9,7.7
121,41.1,8.48,4.1,1.4,5.1
122,62.6,5.98,0.4,1.6,5.8
123,67.5,9.81,5.9,6.7,8.1
124,30.5,9.28,10.0,3.3,2.5
125,53.2,5.07,2.3,4.3,6.0
126,57.7,7.81,7.1,4.2,5.0
127,58.0,7.55,3.1,1.1,6.4
128,77.0,6.77,4.3,6.6,7.9
129,71.2,5.81,3.3,6.1,7.3
130,50.4,3.68,7.2,7.1,6.4
131,61.3,4.19,3.0,4.7,8.0
132,44.0,6.07,4.0,3.1,5.8
133,54.4,5.1,3.9,2.5,6.2
134,54.1,6.08,1.3,1.7,4.0
135,44.8,7.01,6.0,2.5,4.6
136,48.2,4.45,2.9,2.2,5.7
137,55.1,6.38,4.3,2.7,6.0
138,43.0,4.53,8.7,6.8,5.1
139,32.9,5.88,7.3,3.6,4.8
140,44.6,7.89,5.5,1.9,3.9
141,60.1,5.34,3.8,3.8,6.6
142,59.3,11.03,6.4,2.6,5.5
143,43.1,6.23,7.1,3.9,4.4
144,72.4,8.12,4.1,2.7,6.7
145,33.3,7.79,6.4,0.1,1.1
146,51.0,6.76,8.0,3.9,4.0
147,74.5,6.88,1.3,5.0,8.4
148,53.4,6.01,7.3,4.6,5.0
149,65.3,5.78,3.8,4.3,7.3
150,44.8,7.04,4.3,6.7,5.6
151,46.9,5.25,3.8,2.7,6.3
152,44.6,6.08,7.0,7.1,5.7
153,59.1,8.19,3.4,5.3,8.6
154,56.2,4.23,2.3,4.0,5.4
155,23.9,6.31,4.7,0.4,3.3
156,44.8,6.63,6.8,4.8,5.4
157,60.7,7.08,3.7,4.8,5.7
158,38.0,7.1,6.5,2.7,3.6
159,58.2,9.65,6.2,4.4,6.0
160,76.2,7.03,4.8,6.5,6.9
161,58.0,7.87,3.5,1.2,6.4
162,68.1,6.92,3.1,3.3,5.8
163,27.1,8.46,6.1,2.8,3.9
164,60.4,9.46,6.0,3.7,5.9
165,49.8,6.66,6.2,7.7,6.5
166,56.1,5.59,2.9,3.2,5.8
167,60.9,6.67,3.4,2.7,5.4
168,46.2,4.75,2.4,2.5,6.5
169,76.5,4.83,1.0,3.9,8.5
170,58.2,7.82,4.6,0.0,4.3
171,40.1,5.15,6.9,3.7,6.0
172,56.8,4.99,6.1,1.8,4.5
173,63.5,6.54,3.1,4.3,6.8
174,45.2,7.48,4.4,2.5,5.2
175,54.1,8.29,8.1,4.6,4.3
176,77.4,5.7,5.8,6.5,9.4
177,45.2,9.61,3.8,2.1,4.8
178,56.5,6.16,6.0,2.5,4.5
179,45.4,9.3,4.5,2.5,4.8
180,44.9,5.68,6.5,5.0,6.2
