participant_id,treatment_message,age,prior_support,post_support_diplomatic_cooperation
1,0,63,4.6,5.7
2,1,62,5.8,6.2
3,1,31,2.5,4.4
4,0,21,4.6,4.1
5,0,69,7.7,2.4
6,0,20,4.3,4.7
7,0,39,5.8,5.3
8,0,59,6.0,7.7
9,1,21,6.3,6.4
10,0,42,7.9,5.6
11,0,44,3.2,6.2
12,1,69,1.7,4.4
13,0,53,4.2,6.6
14,1,21,3.8,5.1
15,1,28,4.8,4.5
16,0,28,7.4,5.1
17,0,18,9.0,6.3
18,0,41,7.1,4.8
19,0,27,8.6,5.1
20,0,24,2.2,5.7
21,0,66,6.3,6.4
22,0,33,5.2,2.7
23,0,53,3.7,4.4
24,1,23,5.5,4.4
25,1,37,5.9,4.7
26,1,60,5.5,7.1
27,0,36,4.7,4.0
28,0,30,4.7,4.7
29,1,45,4.3,7.4
30,0,60,4.4,6.3
31,0,24,2.3,4.4
32,0,52,5.9,3.4
33,1,31,5.9,8.4
34,1,28,8.2,7.4
35,0,48,5.6,5.2
36,0,73,3.4,5.7
37,1,73,1.4,5.7
38,0,69,4.5,4.7
39,1,27,5.7,6.3
40,1,58,5.8,6.2
41,1,19,5.8,7.6
42,0,42,5.4,5.4
43,1,65,5.6,4.3
44,0,28,4.1,3.9
45,1,34,5.0,6.1
46,1,42,4.4,4.2
47,1,42,6.8,3.6
48,0,22,2.6,5.3
49,1,68,5.2,6.0
50,0,45,7.4,6.2
51,0,42,7.0,5.7
52,0,43,3.2,4.7
53,0,20,6.5,3.0
54,1,63,7.6,6.7
55,0,20,6.9,5.8
56,1,18,6.0,6.6
57,0,74,3.7,6.1
58,0,67,8.1,3.4
59,0,52,6.4,7.8
60,0,33,1.9,3.5
61,1,40,2.9,6.0
62,1,40,6.0,6.7
63,0,19,7.5,6.5
64,0,63,6.1,6.0
65,0,45,2.6,4.7
66,0,49,6.7,4.0
67,0,35,6.5,4.8
68,0,74,6.6,7.8
69,1,53,4.7,4.8
70,0,19,3.9,1.0
71,0,38,5.1,4.7
72,1,31,1.1,2.0
73,0,55,4.3,2.2
74,1,26,6.4,5.5
75,1,23,7.9,8.2
76,0,74,4.7,3.5
77,0,60,2.8,4.3
78,0,65,3.2,2.7
79,1,73,5.8,5.4
80,1,68,0.8,4.9
81,1,40,3.6,5.9
82,1,69,1.7,4.9
83,0,65,4.4,5.4
84,1,43,7.5,6.7
85,1,47,1.1,5.2
86,0,55,1.6,6.2
87,1,57,4.5,6.3
88,0,74,8.1,6.9
89,0,48,3.1,2.4
90,1,39,6.8,7.3
91,0,45,7.7,4.8
92,0,22,5.2,7.1
93,0,71,5.8,4.8
94,1,49,4.0,6.9
95,1,18,5.5,4.9
96,0,35,6.2,5.8
97,0,42,0.0,3.8
98,0,47,5.6,6.1
99,1,64,6.6,7.0
100,1,63,4.6,5.3
101,1,49,0.0,6.6
102,0,55,6.5,8.2
103,1,26,6.6,4.0
104,0,64,2.6,2.0
105,1,54,5.5,5.5
106,1,31,5.1,6.8
107,0,73,4.5,4.6
108,0,53,2.4,4.8
109,0,22,4.7,5.7
110,0,56,8.5,6.8
111,1,31,0.8,4.3
112,0,64,4.7,4.3
113,0,30,5.9,4.4
114,1,43,4.9,7.5
115,1,67,5.3,7.7
116,1,72,3.7,4.4
117,0,20,5.0,4.5
118,1,62,3.7,8.6
119,0,34,3.1,4.9
120,1,70,3.7,6.6
121,1,36,5.2,5.7
122,1,62,2.3,6.0
123,1,23,3.2,4.6
124,0,35,6.9,5.9
125,0,68,6.7,6.0
126,0,28,3.5,2.3
127,1,56,5.3,5.6
128,0,53,2.9,2.4
129,1,60,5.2,5.4
130,1,74,5.2,6.0
131,0,58,2.9,5.3
132,1,61,5.3,5.8
133,1,39,3.8,5.0
134,1,23,3.9,5.4
135,1,55,6.4,5.8
136,1,73,3.1,3.0
137,0,54,5.9,4.4
138,0,45,5.0,2.9
139,1,32,2.7,5.8
140,0,60,7.1,5.5
141,0,18,3.8,5.5
142,1,32,4.5,7.0
143,0,38,5.1,6.3
144,0,26,8.0,5.7
145,0,43,5.6,3.8
146,0,68,0.0,1.3
147,1,70,5.9,7.4
148,1,66,6.3,5.4
149,0,51,6.1,5.8
150,0,37,7.4,6.5
151,0,27,6.6,6.2
152,1,35,3.8,5.9
153,1,52,6.4,4.5
154,0,59,6.1,5.0
155,0,28,4.0,5.0
156,0,31,3.6,5.2
157,1,32,1.1,4.6
158,1,48,4.8,5.6
159,0,71,5.2,5.7
160,0,53,9.2,6.0
161,1,32,3.1,3.5
162,0,29,5.5,6.9
163,0,29,5.4,4.7
164,1,64,7.6,5.6
165,1,60,4.7,8.1
166,1,49,8.1,4.8
167,1,22,4.8,6.8
168,0,57,3.3,5.1
169,0,18,2.2,3.9
170,0,39,0.0,4.1
171,1,21,5.5,8.0
172,0,65,3.9,3.7
173,1,64,6.0,5.4
174,1,64,4.0,7.9
175,1,52,3.2,4.6
176,0,20,2.2,4.7
177,0,41,7.6,3.7
178,1,70,3.9,6.1
179,1,18,4.6,5.4
180,0,38,5.5,2.1
181,0,33,4.8,6.6
182,0,55,5.8,4.6
183,0,21,6.6,5.6
184,0,67,5.7,7.0
185,0,43,3.9,5.6
186,0,51,5.3,3.3
187,0,74,3.1,3.0
188,0,59,5.1,5.8
189,0,30,7.1,6.3
190,1,56,6.4,7.5
191,0,27,4.2,3.3
192,0,30,4.6,5.0
193,0,42,3.2,5.6
194,0,58,6.3,5.5
195,1,69,4.9,3.8
196,0,46,1.9,5.4
197,0,68,7.1,5.4
198,0,55,4.7,5.7
199,0,65,7.4,4.4
200,1,66,3.6,4.6
201,0,59,9.4,4.6
202,1,41,7.6,8.5
203,1,40,4.9,7.0
204,1,39,5.8,5.6
205,1,74,6.0,6.0
206,0,20,5.1,3.5
207,0,67,3.8,4.1
208,1,26,6.3,6.9
209,1,67,2.7,6.6
210,0,40,5.2,4.3
211,0,18,9.8,6.5
212,1,68,6.0,7.3
213,1,37,6.1,6.7
214,0,58,7.3,5.6
215,0,18,6.8,6.7
216,1,28,4.6,7.0
217,0,39,4.5,4.3
218,0,41,6.5,8.1
219,0,22,6.2,6.5
220,1,55,2.2,3.4
221,1,51,5.5,6.5
222,0,39,4.2,3.0
223,1,49,6.1,5.2
224,1,36,5.9,5.9
225,1,71,2.7,3.7
226,1,50,2.4,3.8
227,1,63,5.3,7.6
228,1,53,7.6,7.6
229,1,57,7.2,5.4
230,1,20,1.8,7.1
231,1,69,4.5,5.8
232,0,20,5.4,3.3
233,0,46,2.4,7.3
234,1,32,2.0,6.1
235,1,68,3.3,4.2
236,1,28,5.0,7.9
237,0,51,7.9,7.6
238,0,18,6.0,5.9
239,0,36,6.2,7.8
240,1,19,6.2,5.0
241,1,29,6.2,5.8
242,1,23,4.8,6.0
243,0,51,3.6,6.1
244,0,47,3.3,4.3
245,1,72,5.0,5.5
246,0,72,6.6,6.3
247,0,57,6.6,5.2
248,0,46,3.0,3.8
249,0,33,4.2,7.2
250,1,63,4.7,8.2
251,1,63,3.2,2.3
252,0,33,2.1,4.9
253,0,42,5.7,3.0
254,1,58,4.8,7.0
255,1,23,1.1,3.5
256,0,63,4.7,5.3
257,1,25,3.5,7.3
258,0,35,2.2,2.2
259,1,32,5.8,6.8
260,0,56,6.1,5.3
261,0,35,7.3,6.5
262,0,64,6.5,6.1
263,1,55,3.7,8.1
264,0,70,4.7,4.8
265,1,37,7.1,6.7
266,0,25,6.0,2.4
267,0,64,5.6,5.0
268,1,46,6.5,6.0
269,1,30,4.3,5.2
270,1,72,4.3,3.5
271,0,66,7.8,6.4
272,0,53,6.5,6.6
273,1,50,4.5,5.9
274,0,22,5.1,5.6
275,1,58,2.7,5.5
276,1,43,2.3,3.7
277,1,18,8.1,5.8
278,0,31,6.2,4.2
279,0,69,3.5,5.0
280,1,42,7.5,4.9
281,1,41,4.8,6.7
282,0,48,6.9,5.5
283,0,42,4.6,5.3
284,0,71,0.5,4.2
285,0,22,4.0,4.2
286,0,71,6.8,4.3
287,1,73,4.2,8.4
288,0,69,4.7,7.6
289,1,44,1.5,4.9
290,1,54,8.5,8.4
291,0,67,7.4,7.5
292,1,61,6.1,7.7
293,1,25,5.0,4.8
294,0,45,4.4,5.6
295,1,41,3.2,4.7
296,1,27,3.8,4.6
297,0,28,5.7,4.2
298,0,33,5.9,4.1
299,1,64,2.0,4.9
300,0,40,2.1,3.6
