country,region,population_millions,gdp_per_capita,democracy_score,life_expectancy,trade_openness,un_voting_alignment,military_spending_pct_gdp,recent_internal_conflict
Argentina,Europe,7.1,12810,2.1,68.2,91.5,0.63,2.1,0
Australia,Europe,53.4,3325,2.3,56.0,56.8,0.48,3.2,0
Brazil,MENA,1.3,35528,5.3,72.3,55.2,0.55,1.8,1
Canada,Americas,18.2,34348,8.2,74.7,40.7,0.78,1.4,0
Chile,Americas,34.9,14532,4.3,69.9,23.9,0.44,3.3,0
China,Asia-Pacific,57.1,12925,6.0,73.2,55.2,0.55,1.1,0
Colombia,Asia-Pacific,67.1,6553,4.8,63.5,73.8,0.71,3.4,1
Costa Rica,Asia-Pacific,31.7,16843,4.8,69.3,87.6,0.51,3.6,0
Egypt,Europe,33.7,5201,4.4,61.1,73.2,0.81,1.5,1
Ethiopia,Sub-Saharan Africa,18.7,14057,2.5,67.8,40.3,0.72,2.2,1
France,MENA,30.4,16526,5.2,69.3,61.1,0.68,2.9,1
Germany,Asia-Pacific,30.5,16878,7.4,74.0,61.9,0.62,3.2,0
Ghana,Europe,40.3,6243,5.2,69.3,58.5,0.34,0.6,1
Greece,Americas,39.5,13249,2.7,69.6,87.4,0.28,3.1,0
India,Europe,17.3,36386,8.1,73.4,81.8,0.58,1.8,1
Indonesia,Sub-Saharan Africa,20.9,25079,6.3,74.6,85.9,0.67,1.9,0
Israel,Europe,99.9,28791,4.2,74.8,86.7,0.53,2.8,0
Italy,Europe,173.0,25371,3.5,71.7,41.4,0.59,2.4,0
Japan,Europe,35.6,50497,5.3,76.8,82.0,0.58,3.1,1
Jordan,Europe,17.6,23421,5.5,73.2,48.5,0.45,1.8,1
Kenya,Europe,40.7,101948,6.2,80.4,64.3,0.64,3.2,0
Mexico,MENA,7.7,28992,8.0,73.5,81.3,0.74,2.1,0
Morocco,Sub-Saharan Africa,76.1,20097,3.5,70.2,26.9,0.54,1.9,0
Netherlands,Europe,24.2,30332,6.7,70.1,50.5,0.53,3.3,0
Nigeria,Americas,70.0,9552,2.9,64.1,54.4,0.22,1.7,0
Norway,MENA,28.0,12624,2.0,65.4,48.2,0.42,2.1,0
Pakistan,Asia-Pacific,77.6,15393,5.8,74.2,15.0,0.44,2.2,0
Peru,Sub-Saharan Africa,28.0,10144,5.1,71.8,92.6,0.63,3.6,0
Philippines,Americas,44.5,74419,7.2,81.4,71.8,0.54,3.4,0
Poland,Europe,104.2,15232,5.0,74.4,74.9,0.48,2.5,0
Portugal,Europe,41.8,9932,4.9,66.4,59.0,0.44,1.9,0
Saudi Arabia,Asia-Pacific,20.4,6518,6.6,71.2,53.1,0.61,2.2,0
South Africa,Sub-Saharan Africa,8.9,1279,0.5,50.7,49.2,0.31,2.1,0
South Korea,Europe,250.3,46682,8.4,78.2,93.6,0.72,1.8,0
Spain,Asia-Pacific,43.5,5362,2.6,65.6,61.9,0.53,2.2,1
Sweden,Asia-Pacific,115.8,56472,6.8,80.9,49.8,0.85,3.5,0
Thailand,Americas,65.2,45599,6.5,78.5,82.3,0.64,1.7,1
Tunisia,Americas,5.4,14046,4.0,69.7,69.7,0.64,3.4,0
Turkey,MENA,72.7,18113,4.4,73.9,103.8,0.52,2.9,0
United Kingdom,Europe,13.4,26364,5.2,67.7,50.6,0.7,1.3,0
United States,Americas,54.1,18596,5.0,69.8,62.3,0.78,2.8,0
Uruguay,Asia-Pacific,34.8,70045,5.0,73.3,93.3,0.34,2.0,0
Vietnam,Europe,43.9,86983,6.8,80.5,92.4,0.85,3.8,0
Ukraine,Asia-Pacific,35.9,55653,3.0,71.0,42.7,0.78,2.4,1
Romania,Europe,35.5,11959,4.0,65.4,76.5,0.51,3.1,0
Senegal,Americas,71.4,52072,5.5,82.6,56.9,0.55,2.3,0
Malaysia,Europe,6.3,30975,6.4,71.4,39.6,0.58,0.5,0
New Zealand,Europe,86.8,20614,2.8,71.2,106.9,0.65,1.5,0
Czechia,MENA,78.8,6287,3.8,65.5,43.4,0.68,2.1,0
Hungary,MENA,149.2,124119,7.0,85.7,87.9,0.57,1.2,0
